Name,Services,Cost,Desc,img
ABB 6131/31-24-500 Busch-Presence detector premium ,"[{'service': 'H-1a', 'condition': None, 'level': 3}, {'service': 'C-1a', 'condition': None, 'level': 3}, {'service': 'L-1a', 'condition': None, 'level': 2}, {'service': 'L-2', 'condition': None, 'level': 2}, {'service': 'V-6', 'condition': None, 'level': 1}, {'service': 'MC-9', 'condition': None, 'level': 1}]",3570.0,"The ABB 6131/31-24-500 Busch-Presence Detector Premium KNX is a presence detector designed for KNX building automation systems. It combines advanced sensing technology with KNX integration, allowing control over lighting and HVAC systems based on occupancy. It also includes features such as adjustable detection sensitivity, and selectable presence and absence detection modes.",ABB_Busch-Presence_detector_premium.jpg
Apricus ETC-30 solar collector,"[{'service': 'DHW-1d', 'condition': None, 'level': 2}]",2000.0,"The Apricus ETC-30 solar collector is a vacuum tube solar thermal collector designed for efficient heat absorption. It utilizes evacuated tubes to maximize solar energy capture, suitable for various residential and commercial applications, particularly in climates with moderate to cold temperatures.",Apricus_ETC-30_solar_collector.webp
Belimo Energy Valve,"[{'service': 'H-1a', 'condition': None, 'level': 2}, {'service': 'H-1b', 'condition': None, 'level': 2}, {'service': 'H-1c', 'condition': None, 'level': 2}, {'service': 'H-1d', 'condition': None, 'level': 3}, {'service': 'H-2a', 'condition': None, 'level': 1}, {'service': 'H-2b', 'condition': None, 'level': 1}, {'service': 'H-2d', 'condition': None, 'level': 1}, {'service': 'H-3', 'condition': None, 'level': 1}, {'service': 'DHW-1a', 'condition': None, 'level': 1}, {'service': 'DHW-2b', 'condition': None, 'level': 1}, {'service': 'C-1a', 'condition': None, 'level': 2}, {'service': 'C-1b', 'condition': None, 'level': 2}, {'service': 'C-1c', 'condition': None, 'level': 2}, {'service': 'C-1d', 'condition': None, 'level': 3}, {'service': 'C-2b', 'condition': None, 'level': 2}, {'service': 'C-3', 'condition': None, 'level': 1}, {'service': 'V-1c', 'condition': None, 'level': 4}]",6327.0,"The Belimo Energy Valve is a sophisticated valve designed for HVAC systems to enhance energy efficiency and performance. It integrates control and measurement functions into a single unit, enabling precise regulation of water flow and temperature in heating and cooling systems. With built-in sensors and communication capabilities, it helps in optimizing energy usage and improving system efficiency while providing real-time data for maintenance and performance monitoring.",Belimo_Energy_Valve.jpg
Bosch Compress 7000i AW,"[{'service': 'H-1b', 'condition': None, 'level': 3}, {'service': 'H-1c', 'condition': None, 'level': 2}, {'service': 'H-2b', 'condition': None, 'level': 3}, {'service': 'H-2d', 'condition': None, 'level': 2}, {'service': 'H-4', 'condition': None, 'level': 3}, {'service': 'DHW-1b', 'condition': None, 'level': 2}, {'service': 'C-2a', 'condition': None, 'level': 3}, {'service': 'C-2b', 'condition': None, 'level': 3}, {'service': 'C-3', 'condition': None, 'level': 4}, {'service': 'C-4', 'condition': None, 'level': 3}]",9109.0,"The Bosch Compress 7000i AW is a high-efficiency air-to-water heat pump designed for residential and commercial heating and cooling applications. It offers advanced energy performance with a high coefficient of performance (COP) and integrates easily with existing heating systems. This model features a compact design for easy installation and operation in various climates, providing reliable and cost-effective climate control while minimizing environmental impact. It supports both heating and cooling functions, making it versatile for year-round comfort.",Bosch_Compress_7000i_AW.jpg
Bosch Greenstar 100-P Combi,"[{'service': 'H-1a', 'condition': None, 'level': 1}, {'service': 'H-1c', 'condition': None, 'level': 1}, {'service': 'H-2a', 'condition': None, 'level': 1}, {'service': 'H-2d', 'condition': None, 'level': 1}, {'service': 'H-3', 'condition': None, 'level': 1}, {'service': 'DHW-1a', 'condition': None, 'level': 1}, {'service': 'DHW-1b', 'condition': None, 'level': 2}, {'service': 'DHW-3', 'condition': None, 'level': 1}]",4809.0,"The Bosch Greenstar Combi Boilers are high-efficiency, wall-mounted units designed to provide both heating and hot water in one compact system. Featuring a 95% AFUE efficiency rating and up to 5:1 modulation, these boilers offer robust performance with simplified installation thanks to their integral pump and lightweight design. They include advanced features such as an aluminum-magnesium-silicon heat exchanger for extended durability, a stainless-steel plate heat exchanger for consistent hot water delivery, and a full modulating fan for optimal combustion. ",Bosch_Greenstar_100-P_Combi.webp
Bosch Thermotechnology - Bosch TR200,"[{'service': 'H-3', 'condition': None, 'level': 3}, {'service': 'H-4', 'condition': None, 'level': 3}, {'service': 'MC-3', 'condition': None, 'level': 3}, {'service': 'MC-4', 'condition': None, 'level': 2}, {'service': 'MC-13', 'condition': None, 'level': 2}, {'service': 'MC-25', 'condition': None, 'level': 2}]",4000.0,"The Bosch TR200 is a high-precision temperature and pressure sensor designed for industrial and HVAC applications. It provides accurate measurements and reliable performance for monitoring and controlling heating, ventilation, and air conditioning systems. The sensor's design ensures durability in various environments, while its integration capabilities support efficient system management and fault detection.",Bosch_Thermotechnology_-_Bosch_TR200.jpg
Broan AI Series 110 CFM Heat Recovery Ventilator,"[{'service': 'C-1a', 'condition': None, 'level': 3}, {'service': 'V-1a', 'condition': None, 'level': 4}, {'service': 'MC-13', 'condition': None, 'level': 1}]",1906.0,"The Broan AI Series 110 CFM HRV (Heat Recovery Ventilator) is designed for medium-sized homes, providing balanced ventilation with heat recovery capabilities. It efficiently exchanges indoor and outdoor air while recovering heat from exhaust air to minimize energy loss. This system improves indoor air quality by filtering pollutants and allergens, operates quietly, and integrates advanced features for optimal comfort and energy efficiency. ",Broan_AI_Series_110_CFM_Heat_Recovery_Ventilator.jpg
Daikin Altherma 3,"[{'service': 'H-1a', 'condition': None, 'level': 3}, {'service': 'H-1c', 'condition': None, 'level': 2}, {'service': 'H-2b', 'condition': None, 'level': 3}, {'service': 'H-4', 'condition': None, 'level': 4}, {'service': 'DHW-1a', 'condition': None, 'level': 2}, {'service': 'DHW-2b', 'condition': None, 'level': 3}, {'service': 'DHW-3', 'condition': None, 'level': 3}, {'service': 'C-1a', 'condition': None, 'level': 3}, {'service': 'C-2a', 'condition': None, 'level': 3}]",10260.0,"The Daikin Altherma 3 is an advanced air-to-water heat pump designed for residential heating and cooling. It efficiently extracts heat from the outside air to provide heating, cooling, and domestic hot water. The system is known for its energy efficiency and flexibility, offering models suitable for both high and low-temperature applications. It integrates with existing heating systems and is capable of operating in a wide range of temperatures.",Daikin_Altherma_3.jpg
Daikin VRV IV S-Series ,"[{'service': 'H-1a', 'condition': None, 'level': 2}, {'service': 'H-1c', 'condition': None, 'level': 2}, {'service': 'H-2b', 'condition': None, 'level': 3}, {'service': 'C-1a', 'condition': None, 'level': 2}, {'service': 'C-1b', 'condition': None, 'level': 3}, {'service': 'C-1c', 'condition': None, 'level': 2}, {'service': 'C-1d', 'condition': None, 'level': 2}, {'service': 'C-1f', 'condition': None, 'level': 2}, {'service': 'C-2a', 'condition': None, 'level': 3}]",7330.0,"The Daikin VRV IV S-Series is a versatile HVAC system designed for residential and light commercial applications. It combines advanced technology with energy efficiency, offering flexible configurations to meet diverse heating and cooling needs. With options ranging from 36,000 to 60,000 Btu/h capacity, it accommodates various building sizes and layouts. Key features include quiet operation, long piping lengths for installation flexibility, and a range of indoor unit styles to blend seamlessly into any space. ",Daikin_VRV_IV_S-Series.jpg
Danfoss ECL Comfort,"[{'service': 'H-1b', 'condition': None, 'level': 2}, {'service': 'H-1c', 'condition': None, 'level': 1}, {'service': 'H-1d', 'condition': None, 'level': 3}, {'service': 'H-2a', 'condition': None, 'level': 1}, {'service': 'H-2d', 'condition': None, 'level': 3}, {'service': 'DHW-1a', 'condition': None, 'level': 1}, {'service': 'DHW-1b', 'condition': None, 'level': 1}, {'service': 'C-1b', 'condition': None, 'level': 2}, {'service': 'C-1c', 'condition': None, 'level': 2}, {'service': 'C-1d', 'condition': None, 'level': 3}, {'service': 'C-1g', 'condition': None, 'level': 1}, {'service': 'C-2a', 'condition': None, 'level': 3}]",1359.0,"The Danfoss ECL Comfort is an advanced control system designed for efficient management of heating, cooling, and domestic hot water systems in buildings. It provides versatile control options, from basic on/off settings to sophisticated functions like individual room management and thermal energy storage. The system supports integration with Building Automation Control Systems (BACS), offers real-time and historical performance reporting, and facilitates grid interaction for optimized energy use. ",Danfoss_ECL_Comfort.jpg
"EcoStruxure Panel Server – universal wireless, concentrator Modbus gateway 110-277 VAC/DC, iEM3155 energy meter -63A- Modbus","[{'service': 'E-2', 'condition': None, 'level': 4}, {'service': 'E-4', 'condition': None, 'level': 3}, {'service': 'E-8', 'condition': None, 'level': 1}, {'service': 'E-11', 'condition': None, 'level': 4}, {'service': 'E-12', 'condition': None, 'level': 2}]",4084.0,"EcoStruxure Panel Server is a gateway, providing connection of wired or unwired smart IoT devices to edge control software or cloud application. Combined with the iEM 3155 which provides: measurement of active and reactive energy, multi tariffs (up to4), MID/MIR compliance to many meters, pulse outputs, and communication via Modbus, LonWorks, M-Bus or BACnet protocols.",EcoStruxure_Panel_Server.png
Ecobee SmartThermostat (multiple thermostats),"[{'service': 'H-1a', 'condition': None, 'level': 4}, {'service': 'H-2a', 'condition': None, 'level': 2}, {'service': 'C-1a', 'condition': None, 'level': 4}, {'service': 'V-1a', 'condition': None, 'level': 3}, {'service': 'E-12', 'condition': None, 'level': 4}, {'service': 'MC-3', 'condition': None, 'level': 3}, {'service': 'MC-4', 'condition': None, 'level': 2}, {'service': 'MC-9', 'condition': None, 'level': 2}, {'service': 'MC-13', 'condition': None, 'level': 3}, {'service': 'MC-25', 'condition': None, 'level': 2}, {'service': 'MC-29', 'condition': None, 'level': 2}, {'service': 'MC-30', 'condition': None, 'level': 3}]",1970.0,"The Ecobee SmartThermostat is an advanced smart home device that efficiently manages heating and cooling systems. It offers remote control and scheduling through its app and web dashboard, allowing users to customize their settings from anywhere. Equipped with wireless room sensors, it monitors temperature and occupancy in different rooms to optimize comfort and energy efficiency. The thermostat features built-in Amazon Alexa for voice control and integrates with smart home ecosystems like Apple HomeKit, Google Assistant, Samsung SmartThings, and IFTTT. By learning user preferences and adjusting settings automatically, it helps reduce energy consumption and provides detailed usage reports for optimization. ",Ecobee_SmartThermostat.png
Ecobee SmartThermostat (single thermostat),"[{'service': 'H-1a', 'condition': None, 'level': 1}, {'service': 'H-2a', 'condition': None, 'level': 2}, {'service': 'C-1a', 'condition': None, 'level': 1}, {'service': 'V-1a', 'condition': None, 'level': 3}, {'service': 'E-12', 'condition': None, 'level': 4}, {'service': 'MC-3', 'condition': None, 'level': 3}, {'service': 'MC-4', 'condition': None, 'level': 2}, {'service': 'MC-9', 'condition': None, 'level': 2}, {'service': 'MC-13', 'condition': None, 'level': 3}, {'service': 'MC-25', 'condition': None, 'level': 2}, {'service': 'MC-29', 'condition': None, 'level': 2}, {'service': 'MC-30', 'condition': None, 'level': 3}]",394.0,"The Ecobee SmartThermostat is an advanced smart home device that efficiently manages heating and cooling systems. It offers remote control and scheduling through its app and web dashboard, allowing users to customize their settings from anywhere. Equipped with wireless room sensors, it monitors temperature and occupancy in different rooms to optimize comfort and energy efficiency. The thermostat features built-in Amazon Alexa for voice control and integrates with smart home ecosystems like Apple HomeKit, Google Assistant, Samsung SmartThings, and IFTTT. By learning user preferences and adjusting settings automatically, it helps reduce energy consumption and provides detailed usage reports for optimization. ",Ecobee_SmartThermostat.png
Efergy Elite Classic,"[{'service': 'E-12', 'condition': None, 'level': 3}, {'service': 'V-6', 'condition': None, 'level': 2}]",215.0,"The Efergy Elite Classic is a user-friendly energy monitor designed to help households track and manage their electricity consumption in real time. It features a wireless display that shows current energy usage, cost, and carbon footprint, providing insights that can help users reduce their energy bills and environmental impact. Easy to install and use, the Elite Classic comes with a transmitter and sensor that clip onto the main power cable, allowing it to monitor energy use accurately.",Efergy_Elite_Classic.webp
Electric Car Charger Type 2 - Schuko (220V),"[{'service': 'EV-15', 'condition': None, 'level': 1}, {'service': 'EV-17', 'condition': None, 'level': 1}]",180.0,"The Type 2 - Schuko EV Charging Cable is a standard, user-friendly charging cable designed for electric vehicles (EVs). It features a Type 2 connector compatible with most European EVs and a Schuko plug for connecting to regular household power outlets. The cable supports single-phase charging at up to 3.6 kW, making it ideal for home use where a dedicated EV charging station is not available.",Electric_Car_Charger_Type_2_-_Schuko_(220V).webp
Fantech VHR 70R ES Fresh Air Appliance Heat Recovery Ventilator,"[{'service': 'V-1a', 'condition': None, 'level': 2}, {'service': 'V-1c', 'condition': None, 'level': 1}, {'service': 'V-2c', 'condition': None, 'level': 1}, {'service': 'V-2d', 'condition': None, 'level': 2}, {'service': 'V-3', 'condition': None, 'level': 2}, {'service': 'V-6', 'condition': None, 'level': 2}]",1616.0,"The Fantech VHR 70 is a sophisticated heat recovery ventilation unit designed to enhance indoor air quality and energy efficiency. It features advanced air flow control that adjusts based on occupancy, ensuring optimal ventilation. The unit supports automatic pressure control without advanced pressure reset capabilities and effectively manages heat recovery by modulating or bypassing it to prevent overheating based on exhaust sensors.",Fantech_VHR_70R_ES_Fresh_Air_Appliance_Heat_Recovery_Ventilator.jpg
Fujitsu General Waterwaste,"[{'service': 'H-2a', 'condition': None, 'level': 2}, {'service': 'H-2b', 'condition': None, 'level': 2}, {'service': 'H-4', 'condition': None, 'level': 2}, {'service': 'DHW-1b', 'condition': None, 'level': 2}, {'service': 'DHW-1d', 'condition': None, 'level': 2}, {'service': 'DHW-2b', 'condition': None, 'level': 2}]",8580.0,"The Fujitsu General Waterstage is an air-to-water heat pump designed for residential use. It offers efficient heating, cooling, and domestic hot water production. The system integrates with various heating and cooling setups, including underfloor heating and radiators.",Fujitsu_General_Waterstage.jpg
Google Nest Learning Thermostat (multiple thermostats),"[{'service': 'H-1a', 'condition': None, 'level': 4}, {'service': 'H-3', 'condition': None, 'level': 2}, {'service': 'H-4', 'condition': None, 'level': 3}, {'service': 'C-1a', 'condition': None, 'level': 4}, {'service': 'C-3', 'condition': None, 'level': 2}, {'service': 'C-4', 'condition': None, 'level': 2}, {'service': 'DHW-1b', 'condition': None, 'level': 1}, {'service': 'E-12', 'condition': None, 'level': 4}, {'service': 'MC-9', 'condition': None, 'level': 1}]",1885.0,"Designed to enhance heating and cooling systems, the Google Nest Thermostat is a smart home appliance that improves user comfort and energy economy. Over time, it picks up on your daily schedule and preferences, automatically adjusting the temperature to save energy when you're not home and maintain a comfortable atmosphere when you are. The Google Home app allows for remote control of the device, making it easy to change the temperature of your house from anywhere. It also offers analyses and insights into energy consumption, assisting users in making decisions that decrease their carbon footprint.",Google_Nest_Learning_Thermostat.jpg
Google Nest Learning Thermostat (single thermostat),"[{'service': 'H-1a', 'condition': None, 'level': 1}, {'service': 'H-3', 'condition': None, 'level': 2}, {'service': 'H-4', 'condition': None, 'level': 3}, {'service': 'C-1a', 'condition': None, 'level': 1}, {'service': 'C-3', 'condition': None, 'level': 2}, {'service': 'C-4', 'condition': None, 'level': 2}, {'service': 'DHW-1b', 'condition': None, 'level': 1}, {'service': 'E-12', 'condition': None, 'level': 4}, {'service': 'MC-9', 'condition': None, 'level': 1}]",377.0,"Designed to enhance heating and cooling systems, the Google Nest Thermostat is a smart home appliance that improves user comfort and energy economy. Over time, it picks up on your daily schedule and preferences, automatically adjusting the temperature to save energy when you're not home and maintain a comfortable atmosphere when you are. The Google Home app allows for remote control of the device, making it easy to change the temperature of your house from anywhere. It also offers analyses and insights into energy consumption, assisting users in making decisions that decrease their carbon footprint.",Google_Nest_Learning_Thermostat.jpg
Grundfos MAGNA3 ,"[{'service': 'H-1d', 'condition': None, 'level': 4}, {'service': 'H-2a', 'condition': None, 'level': 1}, {'service': 'H-3', 'condition': None, 'level': 1}, {'service': 'DHW-1a', 'condition': None, 'level': 1}, {'service': 'DHW-1b', 'condition': None, 'level': 1}, {'service': 'C-1d', 'condition': None, 'level': 4}]",1051.0,"The Grundfos MAGNA3 is an advanced, energy-efficient circulator pump designed for heating, cooling, and domestic hot water systems. It features variable speed control, allowing for precise adjustment of pump performance based on external signals and system demands. This enhances energy efficiency and system flexibility. The MAGNA3 supports integration with control systems, enabling sophisticated management of heating and cooling networks, as well as hot water systems, while providing detailed performance reporting.",Grundfos_MAGNA3.jpg
Honeywell Home RTH5160D1003 Simple Display Non-Programmable Thermostat ,"[{'service': 'H-1d', 'condition': None, 'level': 1}, {'service': 'H-4', 'condition': None, 'level': 1}, {'service': 'C-1d', 'condition': None, 'level': 1}, {'service': 'C-4', 'condition': None, 'level': 1}, {'service': 'MC-3', 'condition': None, 'level': 1}]",48.0,"The Honeywell Home RTH5160D1003 Simple Display Non-Programmable Thermostat is designed for straightforward temperature control without programmable scheduling. It features a clear and easy-to-read display, making it user-friendly for adjusting heating and cooling settings manually. This thermostat is ideal for users who prefer basic functionality without the complexity of programmable options, offering reliable temperature management in residential and light commercial environments.",Honeywell_Home_RTH5160D1003_Simple_Display_Non-Programmable_Thermostat_(3).jpg
Honeywell T9 Smart Thermostat (multiple thermostats),"[{'service': 'H-1a', 'condition': None, 'level': 4}, {'service': 'H-3', 'condition': None, 'level': 1}, {'service': 'H-4', 'condition': None, 'level': 2}, {'service': 'C-1a', 'condition': None, 'level': 4}, {'service': 'C-3', 'condition': None, 'level': 2}, {'service': 'C-4', 'condition': None, 'level': 2}, {'service': 'MC-4', 'condition': None, 'level': 1}, {'service': 'MC-9', 'condition': None, 'level': 1}]",1605.0,"The Honeywell T9 Smart Thermostat is a sophisticated device that enhances home comfort and energy efficiency with its advanced features. It uses Smart Room Sensors to monitor temperature and occupancy in different rooms, ensuring optimal heating and cooling where it is needed most. The thermostat's intuitive touchscreen display and remote access via the Honeywell Home app provide convenient control from anywhere. Additionally, its compatibility with major smart home platforms like Amazon Alexa, Google Assistant, and Apple HomeKit allows for seamless integration and voice control, making it a versatile addition to any modern home.",Honeywell_T9_Smart_Thermostat.jpg
Honeywell T9 Smart Thermostat (single thermostat),"[{'service': 'H-1a', 'condition': None, 'level': 1}, {'service': 'H-3', 'condition': None, 'level': 1}, {'service': 'H-4', 'condition': None, 'level': 2}, {'service': 'C-1a', 'condition': None, 'level': 1}, {'service': 'C-3', 'condition': None, 'level': 2}, {'service': 'C-4', 'condition': None, 'level': 2}, {'service': 'MC-4', 'condition': None, 'level': 1}, {'service': 'MC-9', 'condition': None, 'level': 1}]",321.0,"The Honeywell T9 Smart Thermostat is a sophisticated device that enhances home comfort and energy efficiency with its advanced features. It uses Smart Room Sensors to monitor temperature and occupancy in different rooms, ensuring optimal heating and cooling where it is needed most. The thermostat's intuitive touchscreen display and remote access via the Honeywell Home app provide convenient control from anywhere. Additionally, its compatibility with major smart home platforms like Amazon Alexa, Google Assistant, and Apple HomeKit allows for seamless integration and voice control, making it a versatile addition to any modern home.",Honeywell_T9_Smart_Thermostat.jpg
Ice Energy Ice Bear 20 ,"[{'service': 'C-1g', 'condition': None, 'level': 3}, {'service': 'C-4', 'condition': None, 'level': 3}, {'service': 'E-5', 'condition': None, 'level': 2}, {'service': 'MC-28', 'condition': None, 'level': 2}]",11000.0,"The Ice Energy Ice Bear is a thermal energy storage system designed primarily for cooling applications. It utilizes ice-based technology to store energy during off-peak hours when electricity demand is lower and uses this stored energy to provide cooling during peak demand times. This system helps reduce energy costs and peak electricity demand, offering efficient cooling solutions for residential and commercial buildings.",Ice_Energy_Ice_Bear_20.jpg
Kamstrup Multical 603,"[{'service': 'DHW-3', 'condition': None, 'level': 4}]",619.0,"The Kamstrup Multical 603 is a state-of-the-art thermal energy meter designed for accurate measurement and monitoring of heating and cooling consumption in residential, commercial, and industrial buildings. Featuring high-precision ultrasonic technology, it ensures reliable and maintenance-free operation. It is equipped with flexible communication options, allowing integration with various data management systems for remote reading and energy management. ",Kamstrup_Multical_603.png
Kostal Wallbox EV charger,"[{'service': 'EV-15', 'condition': 'the examined asset is a single-family house', 'level': 4}, {'service': 'EV-15', 'condition': 'the examined asset is a small multi-family house or non-residential', 'level': 3}, {'service': 'EV-15', 'condition': 'the examined asset is a large multi-family house or non-residential', 'level': 2}, {'service': 'EV-16', 'condition': None, 'level': 1}, {'service': 'EV-17', 'condition': None, 'level': 2}]",2150.0,"The Kostal Wallbox is an advanced electric vehicle charging station designed for residential and commercial use, offering efficient and user-friendly solutions. With adjustable charging power, compatibility with various EV models, an intuitive control interface, and advanced safety features, it ensures reliable and flexible charging.",Kostal_Wallbox_EV_charger.jpg
Lifebreath 155MAX Heat Recovery Ventilator,"[{'service': 'V-1a', 'condition': None, 'level': 1}, {'service': 'V-1c', 'condition': None, 'level': 1}, {'service': 'V-2c', 'condition': None, 'level': 2}, {'service': 'V-2d', 'condition': None, 'level': 1}, {'service': 'V-3', 'condition': None, 'level': 1}, {'service': 'V-6', 'condition': None, 'level': 2}]",1971.0,"The Lifebreath 155MAX Heat Recovery Ventilator is a high-efficiency ventilation system designed to provide fresh air while recovering heat from exhaust air. It features a balanced ventilation process that helps improve indoor air quality and energy efficiency by exchanging stale indoor air with fresh outdoor air, minimizing energy loss. The unit offers basic controls for night cooling and is suitable for residential applications, delivering essential ventilation without advanced automation or complex controls.",Lifebreath_155MAX_Heat_Recovery_Ventilator.jpg
Lutron Caséta Wireless Smart Lighting Kit (automatic dimming) ,"[{'service': 'L-1a', 'condition': None, 'level': 1}, {'service': 'L-2', 'condition': None, 'level': 2}, {'service': 'MC-9', 'condition': None, 'level': 1}]",1264.0,"The Lutron Caséta Wireless Smart Lighting Kit is an advanced lighting control system that includes dimmer switches and Pico remote controls, allowing for seamless and convenient light management in your home. It enables you to set schedules, control lights remotely via a smartphone app, and integrate with various smart home systems such as Alexa, Google Assistant, and Apple HomeKit.",Lutron_CasÇta_Wireless_Smart_Lighting_Kit.jpg
Lutron Caséta Wireless Smart Lighting Kit (manual dimming) ,"[{'service': 'L-1a', 'condition': None, 'level': 1}, {'service': 'L-2', 'condition': None, 'level': 1}, {'service': 'MC-9', 'condition': None, 'level': 1}]",639.0,"The Lutron Caséta Wireless Smart Lighting Kit is an advanced lighting control system that includes dimmer switches and Pico remote controls, allowing for seamless and convenient light management in your home. It enables you to set schedules, control lights remotely via a smartphone app, and integrate with various smart home systems such as Alexa, Google Assistant, and Apple HomeKit.",Lutron_CasÇta_Wireless_Smart_Lighting_Kit.jpg
Mitsubishi Electric PUMY-SP Series,"[{'service': 'C-1b', 'condition': None, 'level': 3}, {'service': 'C-1d', 'condition': None, 'level': 2}, {'service': 'C-1f', 'condition': None, 'level': 1}, {'service': 'C-2a', 'condition': None, 'level': 1}, {'service': 'C-2b', 'condition': None, 'level': 1}]",5949.0,"The Mitsubishi Electric PUMY-SP Series is an air source heat pump ideal for residential and light commercial use. It offers high performance with low energy consumption, supports various indoor units, operates quietly, and is built for durability in diverse weather conditions.",Mitsubishi_Electric_PUMY-SP_Series.png
Panasonic FV-10VE2 Intelli-Balance 100 Energy Recovery Ventilator,"[{'service': 'V-1a', 'condition': None, 'level': 2}, {'service': 'V-1c', 'condition': None, 'level': 3}, {'service': 'V-2d', 'condition': None, 'level': 2}, {'service': 'V-3', 'condition': None, 'level': 2}, {'service': 'V-6', 'condition': None, 'level': 3}]",2245.0,"The Panasonic FV-10VE2 Intelli-Balance 100 Balanced Air Solution ERV is a sophisticated ventilation system designed to enhance indoor air quality and energy efficiency in residential and light commercial environments. This unit operates on the principle of balanced ventilation, ensuring a continuous exchange of stale indoor air with fresh outdoor air, thereby maintaining a healthy indoor environment. It incorporates energy recovery technology, efficiently transferring heat and moisture between incoming and outgoing air streams to minimize energy loss.",Panasonic_FV-10VE2_Intelli-Balance_100_Energy_Recovery_Ventilator.jpg
Panasonic FV-25ZY1G Energy Recovery Ventilator,"[{'service': 'V-1a', 'condition': None, 'level': 4}, {'service': 'V-1c', 'condition': None, 'level': 3}, {'service': 'V-2c', 'condition': None, 'level': 1}, {'service': 'V-2d', 'condition': None, 'level': 2}, {'service': 'V-3', 'condition': None, 'level': 2}, {'service': 'V-6', 'condition': None, 'level': 3}]",2616.0,"The Panasonic FV-25ZY1G Energy Recovery Ventilator is a high-performance ventilation system designed to improve indoor air quality by efficiently exchanging indoor and outdoor air while recovering energy. It features advanced heat exchange technology to minimize energy loss and maintain comfortable indoor temperatures. Ideal for residential and light commercial use, the FV-25ZY1G offers quiet operation, easy installation, and reliable performance, making it an excellent choice for enhancing ventilation and energy efficiency in various environments.",Panasonic_FV-25ZY1G_Energy_Recovery_Ventilator.png
Residential Photovoltaic System with Storage: Kostal Plenticore Plus 3 Inverter + Trina Solar TSM375DEO8M.08 Photovoltaic Panels + Enphase Encharge 10kWh Battery Storage System,"[{'service': 'E-2', 'condition': None, 'level': 3}, {'service': 'E-3', 'condition': None, 'level': 4}, {'service': 'E-4', 'condition': None, 'level': 3}, {'service': 'E-8', 'condition': None, 'level': 3}, {'service': 'E-11', 'condition': None, 'level': 3}, {'service': 'MC-25', 'condition': None, 'level': 2}, {'service': 'MC-28', 'condition': None, 'level': 2}, {'service': 'MC-29', 'condition': None, 'level': 4}]",11186.0,"The Kostal Plenticore Plus 3 Inverter is a high-performance hybrid inverter designed for residential and commercial photovoltaic (PV) systems. It offers versatile energy management by supporting both solar power conversion and energy storage integration. With its multi-functional capabilities, the Plenticore Plus can optimize energy usage by combining solar production, battery storage, and grid interaction.
The Trina Solar TSM375DEO8M.08 photovoltaic panels are high-quality solar panels designed to efficiently convert sunlight into electricity for residential, commercial, and utility-scale solar projects. With a power output of 375 watts per panel, they feature high efficiency and durability, making them suitable for various installations. The Enphase Encharge 10 is a modular lithium iron phosphate (LFP) battery system designed for residential energy storage. It has a usable capacity of 10.08 kWh and features high reliability and safety. The Encharge 10 integrates seamlessly with Enphase microinverters and the Enphase Ensemble energy management technology, offering advanced features like real-time monitoring, optimization of energy usage, and grid independence. It supports both on-grid and off-grid applications, ensuring continuous power supply during outages.",Kostal_Plenticore_Plus_3_Inverter.jpeg
Residential Photovoltaic System with Storage: Kostal Plenticore Plus 3 Inverter + Trina Solar TSM375DEO8M.08 Photovoltaic Panels + LG Chem RESU 10 kWh Battery Storage System,"[{'service': 'E-2', 'condition': None, 'level': 3}, {'service': 'E-3', 'condition': None, 'level': 2}, {'service': 'E-4', 'condition': None, 'level': 3}, {'service': 'E-8', 'condition': None, 'level': 2}, {'service': 'E-11', 'condition': None, 'level': 4}, {'service': 'MC-25', 'condition': None, 'level': 2}, {'service': 'MC-28', 'condition': None, 'level': 2}, {'service': 'MC-29', 'condition': None, 'level': 4}]",11267.0,"The Kostal Plenticore Plus 3 Inverter is a high-performance hybrid inverter designed for residential and commercial photovoltaic (PV) systems. It offers versatile energy management by supporting both solar power conversion and energy storage integration. With its multi-functional capabilities, the Plenticore Plus can optimize energy usage by combining solar production, battery storage, and grid interaction.
The Trina Solar TSM375DEO8M.08 photovoltaic panels are high-quality solar panels designed to efficiently convert sunlight into electricity for residential, commercial, and utility-scale solar projects. With a power output of 375 watts per panel, they feature high efficiency and durability, making them suitable for various installations. The LG Chem RESU 10 is a high-capacity lithium-ion battery designed for residential energy storage. It has a usable capacity of 9.8 kWh and features high energy density, allowing for a compact and lightweight design. The RESU 10 is capable of both on-grid and off-grid operation, enabling homeowners to store excess solar energy for later use, reduce electricity bills, and ensure energy security during power outages. It offers seamless integration with various inverters and smart energy management systems, providing real-time monitoring and optimization of energy consumption. ",Kostal_Plenticore_Plus_3_Inverter.jpeg
Residential Photovoltaic System with Storage: Kostal Plenticore Plus 3 Inverter + Trina Solar TSM375DEO8M.08 Photovoltaic Panels + LG Chem RESU 6.5 kWh Battery Storage System,"[{'service': 'E-2', 'condition': None, 'level': 3}, {'service': 'E-3', 'condition': None, 'level': 1}, {'service': 'E-4', 'condition': None, 'level': 3}, {'service': 'E-8', 'condition': None, 'level': 2}, {'service': 'E-11', 'condition': None, 'level': 1}]",8951.0,"The Kostal Plenticore Plus 3 Inverter is a high-performance hybrid inverter designed for residential and commercial photovoltaic (PV) systems. It offers versatile energy management by supporting both solar power conversion and energy storage integration. With its multi-functional capabilities, the Plenticore Plus can optimize energy usage by combining solar production, battery storage, and grid interaction.
The Trina Solar TSM375DEO8M.08 photovoltaic panels are high-quality solar panels designed to efficiently convert sunlight into electricity for residential, commercial, and utility-scale solar projects. With a power output of 375 watts per panel, they feature high efficiency and durability, making them suitable for various installations. The LG Chem RESU 6.5 is a residential energy storage system that provides efficient, on-site storage of electricity, typically from solar panels. It features real-time monitoring of state-of-charge and supports optimization of self-consumption by storing excess energy for later use. It integrates with home energy management systems to enhance energy usage and can contribute to grid stability when combined with smart grid solutions.",Kostal_Plenticore_Plus_3_Inverter.jpeg
Residential Photovoltaic System with Storage: Kostal Plenticore Plus 3 Inverter + Trina Solar TSM375DEO8M.08 Photovoltaic Panels + LG Energy Solution Enblock FLEX 8.6 kWh Battery Storage System,"[{'service': 'E-2', 'condition': None, 'level': 3}, {'service': 'E-3', 'condition': None, 'level': 3}, {'service': 'E-4', 'condition': None, 'level': 2}, {'service': 'E-8', 'condition': None, 'level': 1}, {'service': 'E-11', 'condition': None, 'level': 4}, {'service': 'MC-25', 'condition': None, 'level': 1}, {'service': 'MC-28', 'condition': None, 'level': 2}, {'service': 'MC-29', 'condition': None, 'level': 1}]",11134.0,"The Kostal Plenticore Plus 3 Inverter is a high-performance hybrid inverter designed for residential and commercial photovoltaic (PV) systems. It offers versatile energy management by supporting both solar power conversion and energy storage integration. With its multi-functional capabilities, the Plenticore Plus can optimize energy usage by combining solar production, battery storage, and grid interaction.
The Trina Solar TSM375DEO8M.08 photovoltaic panels are high-quality solar panels designed to efficiently convert sunlight into electricity for residential, commercial, and utility-scale solar projects. With a power output of 375 watts per panel, they feature high efficiency and durability, making them suitable for various installations. The LG Energy Solution Enblock FLEX 8.6 kWh is a versatile and high-capacity energy storage system designed for residential and commercial applications. It offers 8.6 kWh of usable energy storage, providing reliable backup power and enabling optimal use of solar energy by storing excess production for use during peak times or outages.",Kostal_Plenticore_Plus_3_Inverter.jpeg
Residential Photovoltaic System: Fronius Symo 3.0-3 Inverter + Trina Solar TSM375DEO8M.08 Photovoltaic Panels ,"[{'service': 'E-2', 'condition': None, 'level': 1}, {'service': 'E-3', 'condition': None, 'level': 1}, {'service': 'MC-28', 'condition': None, 'level': 1}]",4116.0,"The Fronius Symo 3.0 is a 3-phase solar inverter designed for residential and small commercial solar PV systems. It offers reliable, high-efficiency power conversion and seamless integration with monitoring tools for real-time performance tracking. The inverter supports three-phase power applications, provides robust system management, and is known for its durability and ease of installation. The Trina Solar TSM375DEO8M.08 photovoltaic panels are high-quality solar panels designed to efficiently convert sunlight into electricity for residential, commercial, and utility-scale solar projects. With a power output of 375 watts per panel, they feature high efficiency and durability, making them suitable for various installations. ",Kostal_Plenticore_Plus_3_Inverter.jpeg
Residential Photovoltaic System: Kostal Plenticore Plus 3 Inverter + Trina Solar TSM375DEO8M.08 Photovoltaic Panels,"[{'service': 'E-2', 'condition': None, 'level': 3}, {'service': 'E-4', 'condition': None, 'level': 2}, {'service': 'MC-25', 'condition': None, 'level': 1}, {'service': 'MC-28', 'condition': None, 'level': 2}, {'service': 'MC-29', 'condition': None, 'level': 1}]",4884.0,"The Kostal Plenticore Plus 3 Inverter is a high-performance hybrid inverter designed for residential and commercial photovoltaic (PV) systems. It offers versatile energy management by supporting both solar power conversion and energy storage integration. With its multi-functional capabilities, the Plenticore Plus can optimize energy usage by combining solar production, battery storage, and grid interaction.
The Trina Solar TSM375DEO8M.08 photovoltaic panels are high-quality solar panels designed to efficiently convert sunlight into electricity for residential, commercial, and utility-scale solar projects. With a power output of 375 watts per panel, they feature high efficiency and durability, making them suitable for various installations.",Kostal_Plenticore_Plus_3_Inverter.jpeg
Schneider Electric Clipsal C-Bus,"[{'service': 'L-1a', 'condition': None, 'level': 3}, {'service': 'L-2', 'condition': None, 'level': 4}, {'service': 'MC-9', 'condition': None, 'level': 1}, {'service': 'MC-30', 'condition': None, 'level': 2}]",5450.0,"Schneider Electric Clipsal C-Bus is a home and building automation system designed to provide comprehensive control over lighting, climate, security, and other electrical devices. Utilizing a dedicated communication protocol, C-Bus enables seamless integration and customization, allowing users to automate and remotely manage various functions for enhanced convenience, energy efficiency, and security.",Schneider_Electric_Clipsal_C-Bus.jpg
Sense Energy Monitor ,"[{'service': 'E-2', 'condition': None, 'level': 2}, {'service': 'E-12', 'condition': None, 'level': 1}]",475.0,"The Sense Energy Monitor is a smart home device that tracks and analyzes your electricity usage in real-time. Installed in your electrical panel, it provides insights into your energy consumption, identifies individual appliances, and offers historical usage data through its app. This helps you understand and manage your energy use more effectively.",Sense_Energy_Monitor.jpg
"Siemens G120P-3/35B Variable Speed Drive, G120P-IP55-PAN-EXT, G120P-AIRSHEET-FSA, G120P-IOP-2-BT Intelligent operator panel","[{'service': 'H-1d', 'condition': None, 'level': 3}, {'service': 'C-1d', 'condition': None, 'level': 3}, {'service': 'C-2a', 'condition': None, 'level': 2}]",3044.0,"The Variable Frequency Drive (VFD) facilitates demand-controlled speed control for supply and discharge fans in air conditioning systems, optimizing energy efficiency by adjusting fan speeds based on actual demand. Additionally, it supports demand-controlled speed control for circulating pumps in HVAC systems. The VFD is also applicable for pressure boost and control of pump fill levels, providing versatility for various applications in heating, ventilation, and air conditioning systems where variable speed control is essential for efficient and adaptive operation.",Siemens_G120P-335B.webp
"Siemens N543D51 Solar protection actuator, 8xAC230V, 6A, with end position detection","[{'service': 'DE-1', 'condition': None, 'level': 3}, {'service': 'DE-2', 'condition': None, 'level': 3}]",1060.0,"Solar protection actuators control shutters, awnings, and ventilation flaps with up to AC 230 V. Featuring end position detection through current sensing, LED displays for direction and active overrides, and maintenance-free terminals, they ensure efficient installation. Configurable through ETS, these actuators offer extensive control, override functions, and status messages. Safety functions include overrides for wind, rain, frost, and obstructions.",Siemens_N543D51.png
Siemens RDF600KN Flush mount KNX room thermostat,"[{'service': 'H-1a', 'condition': None, 'level': 3}, {'service': 'C-1a', 'condition': None, 'level': 3}]",1875.0,"The Siemens RDF600KN series semi-flush-mount room thermostats offer advanced climate control with KNX bus communications in both S-mode and LTE mode. Featuring a backlit display, 2P/PI/P control, and versatile outputs for on/off or 3- position control and 3-speed or 1-speed fan, they provide seamless integration into Synco, Desigo, and other third-party systems. User settings are retained even during power loss, and RDF600KN/S models include additional control buttons for KNX actuators in S-mode.",Siemens_RDF600KN.jpg
Siemens RDS110 Smart Room Thermostat,"[{'service': 'H-1a', 'condition': None, 'level': 4}, {'service': 'C-1a', 'condition': None, 'level': 4}]",4265.0,"The thermostat allows direct temperature and mode selection, features energy-optimized operation with a green leaf button and provides air quality indication. It includes temperature setting limits for public spaces, screen lock protection, and manual switchover. With precise control using a self-learning algorithm, it offers humidity control, presence detection, and multifunctional inputs. The device also supports remote firmware upgrades.",Siemens_RDS110_Smart_Room_Thermostat.webp
Siemens RLM162 Air duct temperature controller ,"[{'service': 'V-1a', 'condition': None, 'level': 2}, {'service': 'V-1c', 'condition': None, 'level': 3}, {'service': 'V-2d', 'condition': None, 'level': 4}]",5355.0,"The RLM162 is a compact electronic temperature controller with an integrated duct-mounted sensor, designed for easy installation onto HVAC plants. It offers modulating temperature control with 1 or 2 DC 0-10 V output signals. Suitable for various applications, including restaurants, classrooms, and air handling units, it controls heating/cooling valves, air dampers, and more. Additional features include an auxiliary digital output, outside sensor compensation, remote se}ng unit connection, selectable P or PI control, and various operating modes for versatile HVAC control.",Siemens_RLM162.jpg
Siemens RMU710B-1 Universal controller ,"[{'service': 'H-1c', 'condition': None, 'level': 2}, {'service': 'H-2d', 'condition': None, 'level': 4}, {'service': 'C-1c', 'condition': None, 'level': 2}, {'service': 'C-2a', 'condition': None, 'level': 2}, {'service': 'C-2b', 'condition': None, 'level': 4}, {'service': 'DHW-2b', 'condition': None, 'level': 4}, {'service': 'V-1a', 'condition': None, 'level': 4}, {'service': 'V-1c', 'condition': None, 'level': 3}, {'service': 'V-2c', 'condition': None, 'level': 2}, {'service': 'V-2d', 'condition': None, 'level': 3}]",8721.0,"Siemens universal controllers with a yearly time switch are versatile for basic to complex ventilation, air conditioning, and cold-water plants. They offer preprogrammed options, modular expansion, KNX bus connectivity, and control variables like temperature, humidity, pressure, airflow, and indoor air quality. Featuring a 7-day program, automatic seasonal changeover, and various operating modes, these controllers enable efficient and adaptable control for diverse applications.",Siemens_RMU710B-1_Universal_controller.jpg
Siemens RVD250-A district heating controller,"[{'service': 'H-1c', 'condition': None, 'level': 2}, {'service': 'DHW-1a', 'condition': None, 'level': 3}, {'service': 'DHW-1b', 'condition': None, 'level': 3}, {'service': 'DHW-1d', 'condition': None, 'level': 3}, {'service': 'MC-4', 'condition': None, 'level': 3}]",3677.0,"The Siemens RVD250-A is an advanced heating controller designed for management of heating systems in residential, commercial, and industrial settings. It supports control of one heating circuit with DHW (Domestic Hot Water) system, featuring weather compensation for optimizing heating efficiency based on outdoor conditions. ",Siemens_RVD250-A_district_heating_controller.jpg
Siemens RVL482 Heating controller for boiler temperature control for modulating or 2-stage burners with d.h.w. heating,"[{'service': 'H-1a', 'condition': None, 'level': 2}, {'service': 'H-2a', 'condition': None, 'level': 2}, {'service': 'H-2b', 'condition': None, 'level': 2}, {'service': 'DHW-1a', 'condition': None, 'level': 3}, {'service': 'DHW-1b', 'condition': None, 'level': 3}, {'service': 'DHW-1d', 'condition': None, 'level': 3}]",5613.0,"The multifunctional heating controller by Siemens is designed for residential and non-residential buildings, supporting various heating systems and control scenarios. Operating at AC 230 V, it offers weather-compensated flow temperature control, demand-compensated boiler temperature control, and versatile heating modes. With optimization and protective functions, remote control, and communication features, it provides efficient and flexible heating management.",Siemens_RVL482_Heating_controller_for_boiler_temperature_control_for_modulating_or_2-stage_burners_with_d.h.w_heating.jpg
"Siemens UH50-A74-00 Ultrasonic heat meter, RS-485(MS/TP) BACnet module, WZU5- 2815 pair of temperature sensors","[{'service': 'H-3', 'condition': None, 'level': 4}, {'service': 'C-3', 'condition': None, 'level': 4}, {'service': 'DHW-3', 'condition': None, 'level': 4}]",5436.0,"The UH50 series by Siemens serves as a heat and cooling energy meter, measuring energy consumption in district heating systems and blocks of flats. Comprising a flow measuring section and processor unit, it allows separate reading of heat or cooling energy consumption on-site or remotely. The processor unit accommodates various sensors, power supply, and communication modules, making it versatile for different applications, including hydronic systems.",Siemens_UH50.jpg
"Siemens UP258D51 Presence Detector WIDE multi with temperature, humidity, and CO2 measurement, IR remote control ","[{'service': 'H-1a', 'condition': None, 'level': 3}, {'service': 'C-1a', 'condition': None, 'level': 3}, {'service': 'L-1a', 'condition': None, 'level': 4}, {'service': 'L-2', 'condition': None, 'level': 4}, {'service': 'V-6', 'condition': None, 'level': 1}]",4845.0,"The ceiling-mounted passive infrared detector offers a 360° horizontal motion detection area, covering up to 64 m² to 400 m² based on mounting or room height. It features a 7-level presence detection range adjustment, brightness and temperature measurement, and an integrated IR receiver for remote control. Additionally, it includes an integrated bus coupler, enabling bus connection via a bus terminal and electronic operation with bus voltage.",Siemens_UP258D51_Presence_Detector.jpg
"Siemens WFW636.D110 Electronic impeller type hot water meter, M-bus radio communication, S-mode, WTT662-BA1100 Network node","[{'service': 'DHW-3', 'condition': None, 'level': 2}]",241.0,"The meters feature a flow element and an LCD display totalizer, with a 360° rotatable fi}ng. Made of brass, the flow measuring section includes a sieve for larger dirt particles, ensuring accurate and long-term stable measurements. The system detects incorrect flow direction and transmits volume data via RF to a processing system, powered by a long-life battery lasting up to 10 years with a 1-year reserve capacity.",Siemens_WFW636.D110.jpg
Somfy Animeo IB+ 4 AC Motor Controller (with sun sensors),"[{'service': 'DE-1', 'condition': None, 'level': 2}, {'service': 'DE-4', 'condition': None, 'level': 3}]",3551.0,"The Somfy Animeo IB+ 4 AC Motor Controller is a versatile and advanced control unit designed for managing up to four independent AC motorized window coverings, such as blinds, shades, and curtains. It integrates into building automation systems, providing control over the positioning and operation of window treatments to enhance comfort, energy efficiency, and occupant convenience.",Somfy_Animeo_IB+_4_AC_Motor_Controller.jpg
"Somfy Animeo IB+ 4 AC Motor Controller (with sun, window, temperature, and occupancy sensors)","[{'service': 'DE-1', 'condition': None, 'level': 4}, {'service': 'DE-2', 'condition': None, 'level': 3}, {'service': 'DE-4', 'condition': None, 'level': 4}]",4842.0,"The Somfy Animeo IB+ 4 AC Motor Controller is a versatile and advanced control unit designed for managing up to four independent AC motorized window coverings, such as blinds, shades, and curtains. It integrates into building automation systems, providing control over the positioning and operation of window treatments to enhance comfort, energy efficiency, and occupant convenience.",Somfy_Animeo_IB+_4_AC_Motor_Controller.jpg
Somfy Animeo IB+ 4 AC Motor Controller (with window & temperature sensors),"[{'service': 'DE-1', 'condition': None, 'level': 1}, {'service': 'DE-2', 'condition': None, 'level': 2}, {'service': 'DE-4', 'condition': None, 'level': 3}]",4239.0,"The Somfy Animeo IB+ 4 AC Motor Controller is a versatile and advanced control unit designed for managing up to four independent AC motorized window coverings, such as blinds, shades, and curtains. It integrates into building automation systems, providing control over the positioning and operation of window treatments to enhance comfort, energy efficiency, and occupant convenience.",Somfy_Animeo_IB+_4_AC_Motor_Controller.jpg
Somfy Animeo IB+ 4 AC Motor Controller (with window sensors),"[{'service': 'DE-1', 'condition': None, 'level': 1}, {'service': 'DE-2', 'condition': None, 'level': 1}, {'service': 'DE-4', 'condition': None, 'level': 2}]",3474.0,"The Somfy Animeo IB+ 4 AC Motor Controller is a versatile and advanced control unit designed for managing up to four independent AC motorized window coverings, such as blinds, shades, and curtains. It integrates into building automation systems, providing control over the positioning and operation of window treatments to enhance comfort, energy efficiency, and occupant convenience.",Somfy_Animeo_IB+_4_AC_Motor_Controller.jpg
Somfy Animeo IB+ 4 AC Motor Controller (without sensors),"[{'service': 'DE-1', 'condition': None, 'level': 1}, {'service': 'DE-4', 'condition': None, 'level': 1}]",2706.0,"The Somfy Animeo IB+ 4 AC Motor Controller is a versatile and advanced control unit designed for managing up to four independent AC motorized window coverings, such as blinds, shades, and curtains. It integrates into building automation systems, providing control over the positioning and operation of window treatments to enhance comfort, energy efficiency, and occupant convenience.",Somfy_Animeo_IB+_4_AC_Motor_Controller.jpg
Steffes Comfort Plus Forced Air Furnace Model 4120,"[{'service': 'H-1a', 'condition': None, 'level': 1}, {'service': 'H-1f', 'condition': None, 'level': 2}, {'service': 'H-2b', 'condition': None, 'level': 1}, {'service': 'E-5', 'condition': None, 'level': 1}, {'service': 'MC-13', 'condition': None, 'level': 2}, {'service': 'MC-30', 'condition': None, 'level': 1}]",7949.0,"The Steffes Comfort Plus Forced Air system represents a cutting-edge solution in home heating technology, designed to integrate with heat pump systems for optimal efficiency. Using Electric Thermal Storage (ETS) technology, it stores heat during off-peak hours in specialized ceramic bricks, ensuring consistent comfort levels while significantly reducing energy costs—up to 70% compared to traditional heating methods. The system operates automatically, adjusting heat delivery based on real-time temperature demands and supporting central or remote control for enhanced user convenience. Ideal for residential applications, it offers multi-stage heat control, integrates with smart grids for flexible energy management, and provides detailed performance reporting, making it a smart choice for modern, energy-efficient homes.",Steffes_Comfort_Plus_Forced_Air_Furnace_Model_4120.png
Sunamp Thermino 150 e Heat Battery,"[{'service': 'H-1f', 'condition': None, 'level': 3}, {'service': 'DHW-1a', 'condition': None, 'level': 2}, {'service': 'C-1g', 'condition': None, 'level': 2}, {'service': 'E-3', 'condition': None, 'level': 2}, {'service': 'E-8', 'condition': None, 'level': 3}, {'service': 'E-11', 'condition': None, 'level': 2}, {'service': 'MC-3', 'condition': None, 'level': 2}, {'service': 'MC-25', 'condition': None, 'level': 1}]",4284.0,"The Sunamp Thermino E is a compact and efficient thermal energy storage system designed for buildings. It stores heat energy using advanced materials, enabling flexible control through grid signals. This allows for optimized energy use, reducing reliance on conventional heating systems and enhancing overall energy efficiency in residential and commercial settings.",Sunamp_Thermino_150_e_Heat_Battery.jpg
Viessmann Vitocell 300-V,"[{'service': 'H-1f', 'condition': None, 'level': 1}, {'service': 'DHW-1a', 'condition': None, 'level': 1}, {'service': 'DHW-1b', 'condition': None, 'level': 1}, {'service': 'DHW-1d', 'condition': None, 'level': 1}]",3614.0,"The Viessmann Vitocell 300-V is a high-performance domestic hot water storage tank designed to provide reliable and efficient hot water supply. Made from high-quality stainless steel, it offers excellent durability and heat retention. This tank integrates seamlessly with various heating systems, including solar thermal setups, and is optimized for continuous operation and storage. Its design supports basic control functions and manual adjustments for integrating renewable energy sources, making it a versatile choice for residential hot water needs.",Viessmann_Vitocall_300-V.jpg
Wallbox Quasar bidirectional EV charger,"[{'service': 'EV-15', 'condition': 'the examined asset is a single-family house', 'level': 4}, {'service': 'EV-15', 'condition': 'the examined asset is a small multi-family house or non-residential', 'level': 3}, {'service': 'EV-15', 'condition': 'the examined asset is a large multi-family house or non-residential', 'level': 2}, {'service': 'EV-16', 'condition': None, 'level': 2}, {'service': 'EV-17', 'condition': None, 'level': 2}, {'service': 'MC-29', 'condition': None, 'level': 3}]",9368.0,"The Wallbox Quasar is a bidirectional DC charger designed for electric vehicles, enabling both vehicle charging and vehicle-to-grid (V2G) capabilities. It supports up to 7.4 kW of power, allowing users to charge their EVs or use the vehicle's battery as an energy source for their home or the grid.",Wallbox_Quasar_bidirectional_EV_charger.jpg
Zehnder ComfoAir Flex 250,"[{'service': 'V-1a', 'condition': None, 'level': 3}, {'service': 'V-1c', 'condition': None, 'level': 3}, {'service': 'V-2c', 'condition': None, 'level': 2}, {'service': 'V-2d', 'condition': None, 'level': 1}, {'service': 'V-3', 'condition': None, 'level': 3}, {'service': 'V-6', 'condition': None, 'level': 1}]",5879.0,"The Zehnder ComfoAir Flex 250 is a high-efficiency energy recovery ventilator designed for residential applications. It provides balanced ventilation by supplying fresh, filtered air while exhausting stale indoor air. Featuring advanced heat and moisture recovery technology, it maintains indoor comfort by retaining up to 90% of the thermal energy from the outgoing air. The unit operates quietly and efficiently, with smart controls for effortless operation and integration with home automation systems. ",Zehnder_ComfoAir_Flex_250.png
